state_code,state_name,status_code,status_display,duration_days,cost_avg,notes
AK,Alaska,pre_fc,Pre-Foreclosure,90,,
AK,Alaska,first_legal_filed,First Legal Filed (NOD/Complaint),15,,
AK,Alaska,mediation,Mediation,0,,
AK,Alaska,order_of_reference,Order of Reference (Judicial Only),0,,
AK,Alaska,judgement,Judgment (Judicial Only),0,,
AK,Alaska,pre_sale_redemption,Pre-Sale Redemption,0,,
AK,Alaska,sale_scheduled,Sale Scheduled,5,,
AK,Alaska,sale_completed,Sale Completed,90,,
AK,Alaska,post_sale_redemption,Post-Sale Redemption,0,,
AL,Alabama,pre_fc,Pre-Foreclosure,90,,
AL,Alabama,first_legal_filed,First Legal Filed (NOD/Complaint),15,,
AL,Alabama,mediation,Mediation,0,,
AL,Alabama,order_of_reference,Order of Reference (Judicial Only),0,,
AL,Alabama,judgement,Judgment (Judicial Only),0,,
AL,Alabama,pre_sale_redemption,Pre-Sale Redemption,0,,
AL,Alabama,sale_scheduled,Sale Scheduled,5,,
AL,Alabama,sale_completed,Sale Completed,30,,
AL,Alabama,post_sale_redemption,Post-Sale Redemption,90,,
AR,Arkansas,pre_fc,Pre-Foreclosure,90,,
AR,Arkansas,first_legal_filed,First Legal Filed (NOD/Complaint),15,,
AR,Arkansas,mediation,Mediation,0,,
AR,Arkansas,order_of_reference,Order of Reference (Judicial Only),0,,
AR,Arkansas,judgement,Judgment (Judicial Only),0,,
AR,Arkansas,pre_sale_redemption,Pre-Sale Redemption,60,,
AR,Arkansas,sale_scheduled,Sale Scheduled,5,,
AR,Arkansas,sale_completed,Sale Completed,1,,
AR,Arkansas,post_sale_redemption,Post-Sale Redemption,0,,
AZ,Arizona,pre_fc,Pre-Foreclosure,90,,
AZ,Arizona,first_legal_filed,First Legal Filed (NOD/Complaint),15,,
AZ,Arizona,mediation,Mediation,0,,
AZ,Arizona,order_of_reference,Order of Reference (Judicial Only),0,,
AZ,Arizona,judgement,Judgment (Judicial Only),0,,
AZ,Arizona,pre_sale_redemption,Pre-Sale Redemption,90,,
AZ,Arizona,sale_scheduled,Sale Scheduled,5,,
AZ,Arizona,sale_completed,Sale Completed,1,,
AZ,Arizona,post_sale_redemption,Post-Sale Redemption,0,,
CA,California,pre_fc,Pre-Foreclosure,90,,
CA,California,first_legal_filed,First Legal Filed (NOD/Complaint),15,,
CA,California,mediation,Mediation,0,,
CA,California,order_of_reference,Order of Reference (Judicial Only),0,,
CA,California,judgement,Judgment (Judicial Only),0,,
CA,California,pre_sale_redemption,Pre-Sale Redemption,90,,
CA,California,sale_scheduled,Sale Scheduled,5,,
CA,California,sale_completed,Sale Completed,30,,
CA,California,post_sale_redemption,Post-Sale Redemption,0,,
CO,Colorado,pre_fc,Pre-Foreclosure,90,,
CO,Colorado,first_legal_filed,First Legal Filed (NOD/Complaint),20,,
CO,Colorado,mediation,Mediation,0,,
CO,Colorado,order_of_reference,Order of Reference (Judicial Only),0,,
CO,Colorado,judgement,Judgment (Judicial Only),0,,
CO,Colorado,pre_sale_redemption,Pre-Sale Redemption,15,,
CO,Colorado,sale_scheduled,Sale Scheduled,5,,
CO,Colorado,sale_completed,Sale Completed,45,,
CO,Colorado,post_sale_redemption,Post-Sale Redemption,8,,
CT,Connecticut,pre_fc,Pre-Foreclosure,90,,
CT,Connecticut,first_legal_filed,First Legal Filed (NOD/Complaint),65,,
CT,Connecticut,mediation,Mediation,105,,
CT,Connecticut,order_of_reference,Order of Reference (Judicial Only),0,,
CT,Connecticut,judgement,Judgment (Judicial Only),50,,
CT,Connecticut,pre_sale_redemption,Pre-Sale Redemption,0,,
CT,Connecticut,sale_scheduled,Sale Scheduled,0,,
CT,Connecticut,sale_completed,Sale Completed,30,,
CT,Connecticut,post_sale_redemption,Post-Sale Redemption,0,,
DC,District of Columbia,pre_fc,Pre-Foreclosure,90,,
DC,District of Columbia,first_legal_filed,First Legal Filed (NOD/Complaint),15,,
DC,District of Columbia,mediation,Mediation,0,,
DC,District of Columbia,order_of_reference,Order of Reference (Judicial Only),0,,
DC,District of Columbia,judgement,Judgment (Judicial Only),0,,
DC,District of Columbia,pre_sale_redemption,Pre-Sale Redemption,30,,
DC,District of Columbia,sale_scheduled,Sale Scheduled,5,,
DC,District of Columbia,sale_completed,Sale Completed,30,,
DC,District of Columbia,post_sale_redemption,Post-Sale Redemption,0,,
DE,Delaware,pre_fc,Pre-Foreclosure,90,,
DE,Delaware,first_legal_filed,First Legal Filed (NOD/Complaint),75,,
DE,Delaware,mediation,Mediation,65,,
DE,Delaware,order_of_reference,Order of Reference (Judicial Only),0,,
DE,Delaware,judgement,Judgment (Judicial Only),50,,
DE,Delaware,pre_sale_redemption,Pre-Sale Redemption,0,,
DE,Delaware,sale_scheduled,Sale Scheduled,10,,
DE,Delaware,sale_completed,Sale Completed,30,,
DE,Delaware,post_sale_redemption,Post-Sale Redemption,0,,
FL,Florida,pre_fc,Pre-Foreclosure,90,,
FL,Florida,first_legal_filed,First Legal Filed (NOD/Complaint),65,,
FL,Florida,mediation,Mediation,90,,
FL,Florida,order_of_reference,Order of Reference (Judicial Only),0,,
FL,Florida,judgement,Judgment (Judicial Only),137,,
FL,Florida,pre_sale_redemption,Pre-Sale Redemption,0,,
FL,Florida,sale_scheduled,Sale Scheduled,0,,
FL,Florida,sale_completed,Sale Completed,60,,
FL,Florida,post_sale_redemption,Post-Sale Redemption,10,,
GA,Georgia,pre_fc,Pre-Foreclosure,90,,
GA,Georgia,first_legal_filed,First Legal Filed (NOD/Complaint),20,,
GA,Georgia,mediation,Mediation,0,,
GA,Georgia,order_of_reference,Order of Reference (Judicial Only),0,,
GA,Georgia,judgement,Judgment (Judicial Only),0,,
GA,Georgia,pre_sale_redemption,Pre-Sale Redemption,0,,
GA,Georgia,sale_scheduled,Sale Scheduled,5,,
GA,Georgia,sale_completed,Sale Completed,45,,
GA,Georgia,post_sale_redemption,Post-Sale Redemption,0,,
HI,Hawaii,pre_fc,Pre-Foreclosure,90,,
HI,Hawaii,first_legal_filed,First Legal Filed (NOD/Complaint),85,,
HI,Hawaii,mediation,Mediation,0,,
HI,Hawaii,order_of_reference,Order of Reference (Judicial Only),0,,
HI,Hawaii,judgement,Judgment (Judicial Only),82,,
HI,Hawaii,pre_sale_redemption,Pre-Sale Redemption,0,,
HI,Hawaii,sale_scheduled,Sale Scheduled,7,,
HI,Hawaii,sale_completed,Sale Completed,60,,
HI,Hawaii,post_sale_redemption,Post-Sale Redemption,0,,
IA,Iowa,pre_fc,Pre-Foreclosure,90,,
IA,Iowa,first_legal_filed,First Legal Filed (NOD/Complaint),65,,
IA,Iowa,mediation,Mediation,0,,
IA,Iowa,order_of_reference,Order of Reference (Judicial Only),0,,
IA,Iowa,judgement,Judgment (Judicial Only),112,,
IA,Iowa,pre_sale_redemption,Pre-Sale Redemption,0,,
IA,Iowa,sale_scheduled,Sale Scheduled,10,,
IA,Iowa,sale_completed,Sale Completed,50,,
IA,Iowa,post_sale_redemption,Post-Sale Redemption,180,,
ID,Idaho,pre_fc,Pre-Foreclosure,90,,
ID,Idaho,first_legal_filed,First Legal Filed (NOD/Complaint),15,,
ID,Idaho,mediation,Mediation,0,,
ID,Idaho,order_of_reference,Order of Reference (Judicial Only),0,,
ID,Idaho,judgement,Judgment (Judicial Only),0,,
ID,Idaho,pre_sale_redemption,Pre-Sale Redemption,0,,
ID,Idaho,sale_scheduled,Sale Scheduled,5,,
ID,Idaho,sale_completed,Sale Completed,120,,
ID,Idaho,post_sale_redemption,Post-Sale Redemption,180,,
IL,Illinois,pre_fc,Pre-Foreclosure,90,,
IL,Illinois,first_legal_filed,First Legal Filed (NOD/Complaint),85,,
IL,Illinois,mediation,Mediation,40,,
IL,Illinois,order_of_reference,Order of Reference (Judicial Only),0,,
IL,Illinois,judgement,Judgment (Judicial Only),60,,
IL,Illinois,pre_sale_redemption,Pre-Sale Redemption,0,,
IL,Illinois,sale_scheduled,Sale Scheduled,5,,
IL,Illinois,sale_completed,Sale Completed,90,,
IL,Illinois,post_sale_redemption,Post-Sale Redemption,0,,
IN,Indiana,pre_fc,Pre-Foreclosure,90,,
IN,Indiana,first_legal_filed,First Legal Filed (NOD/Complaint),45,,
IN,Indiana,mediation,Mediation,65,,
IN,Indiana,order_of_reference,Order of Reference (Judicial Only),0,,
IN,Indiana,judgement,Judgment (Judicial Only),60,,
IN,Indiana,pre_sale_redemption,Pre-Sale Redemption,0,,
IN,Indiana,sale_scheduled,Sale Scheduled,60,,
IN,Indiana,sale_completed,Sale Completed,30,,
IN,Indiana,post_sale_redemption,Post-Sale Redemption,0,,
KS,Kansas,pre_fc,Pre-Foreclosure,90,,
KS,Kansas,first_legal_filed,First Legal Filed (NOD/Complaint),65,,
KS,Kansas,mediation,Mediation,0,,
KS,Kansas,order_of_reference,Order of Reference (Judicial Only),0,,
KS,Kansas,judgement,Judgment (Judicial Only),34,,
KS,Kansas,pre_sale_redemption,Pre-Sale Redemption,0,,
KS,Kansas,sale_scheduled,Sale Scheduled,10,,
KS,Kansas,sale_completed,Sale Completed,30,,
KS,Kansas,post_sale_redemption,Post-Sale Redemption,90,,
KY,Kentucky,pre_fc,Pre-Foreclosure,90,,
KY,Kentucky,first_legal_filed,First Legal Filed (NOD/Complaint),80,,
KY,Kentucky,mediation,Mediation,0,,
KY,Kentucky,order_of_reference,Order of Reference (Judicial Only),0,,
KY,Kentucky,judgement,Judgment (Judicial Only),112,,
KY,Kentucky,pre_sale_redemption,Pre-Sale Redemption,0,,
KY,Kentucky,sale_scheduled,Sale Scheduled,30,,
KY,Kentucky,sale_completed,Sale Completed,21,,
KY,Kentucky,post_sale_redemption,Post-Sale Redemption,0,,
LA,Louisiana,pre_fc,Pre-Foreclosure,90,,
LA,Louisiana,first_legal_filed,First Legal Filed (NOD/Complaint),65,,
LA,Louisiana,mediation,Mediation,0,,
LA,Louisiana,order_of_reference,Order of Reference (Judicial Only),0,,
LA,Louisiana,judgement,Judgment (Judicial Only),42,,
LA,Louisiana,pre_sale_redemption,Pre-Sale Redemption,0,,
LA,Louisiana,sale_scheduled,Sale Scheduled,60,,
LA,Louisiana,sale_completed,Sale Completed,40,,
LA,Louisiana,post_sale_redemption,Post-Sale Redemption,0,,
MA,Massachusetts,pre_fc,Pre-Foreclosure,90,,
MA,Massachusetts,first_legal_filed,First Legal Filed (NOD/Complaint),15,,
MA,Massachusetts,mediation,Mediation,0,,
MA,Massachusetts,order_of_reference,Order of Reference (Judicial Only),0,,
MA,Massachusetts,judgement,Judgment (Judicial Only),0,,
MA,Massachusetts,pre_sale_redemption,Pre-Sale Redemption,0,,
MA,Massachusetts,sale_scheduled,Sale Scheduled,47,,
MA,Massachusetts,sale_completed,Sale Completed,21,,
MA,Massachusetts,post_sale_redemption,Post-Sale Redemption,30,,
MD,Maryland,pre_fc,Pre-Foreclosure,90,,
MD,Maryland,first_legal_filed,First Legal Filed (NOD/Complaint),30,,
MD,Maryland,mediation,Mediation,50,,
MD,Maryland,order_of_reference,Order of Reference (Judicial Only),0,,
MD,Maryland,judgement,Judgment (Judicial Only),0,,
MD,Maryland,pre_sale_redemption,Pre-Sale Redemption,30,,
MD,Maryland,sale_scheduled,Sale Scheduled,5,,
MD,Maryland,sale_completed,Sale Completed,45,,
MD,Maryland,post_sale_redemption,Post-Sale Redemption,0,,
ME,Maine,pre_fc,Pre-Foreclosure,90,,
ME,Maine,first_legal_filed,First Legal Filed (NOD/Complaint),65,,
ME,Maine,mediation,Mediation,95,,
ME,Maine,order_of_reference,Order of Reference (Judicial Only),0,,
ME,Maine,judgement,Judgment (Judicial Only),57,,
ME,Maine,pre_sale_redemption,Pre-Sale Redemption,90,,
ME,Maine,sale_scheduled,Sale Scheduled,2,,
ME,Maine,sale_completed,Sale Completed,35,,
ME,Maine,post_sale_redemption,Post-Sale Redemption,0,,
MI,Michigan,pre_fc,Pre-Foreclosure,90,,
MI,Michigan,first_legal_filed,First Legal Filed (NOD/Complaint),20,,
MI,Michigan,mediation,Mediation,0,,
MI,Michigan,order_of_reference,Order of Reference (Judicial Only),0,,
MI,Michigan,judgement,Judgment (Judicial Only),0,,
MI,Michigan,pre_sale_redemption,Pre-Sale Redemption,0,,
MI,Michigan,sale_scheduled,Sale Scheduled,10,,
MI,Michigan,sale_completed,Sale Completed,30,,
MI,Michigan,post_sale_redemption,Post-Sale Redemption,90,,
MN,Minnesota,pre_fc,Pre-Foreclosure,90,,
MN,Minnesota,first_legal_filed,First Legal Filed (NOD/Complaint),30,,
MN,Minnesota,mediation,Mediation,0,,
MN,Minnesota,order_of_reference,Order of Reference (Judicial Only),0,,
MN,Minnesota,judgement,Judgment (Judicial Only),0,,
MN,Minnesota,pre_sale_redemption,Pre-Sale Redemption,0,,
MN,Minnesota,sale_scheduled,Sale Scheduled,10,,
MN,Minnesota,sale_completed,Sale Completed,30,,
MN,Minnesota,post_sale_redemption,Post-Sale Redemption,90,,
MO,Missouri,pre_fc,Pre-Foreclosure,90,,
MO,Missouri,first_legal_filed,First Legal Filed (NOD/Complaint),15,,
MO,Missouri,mediation,Mediation,0,,
MO,Missouri,order_of_reference,Order of Reference (Judicial Only),0,,
MO,Missouri,judgement,Judgment (Judicial Only),0,,
MO,Missouri,pre_sale_redemption,Pre-Sale Redemption,0,,
MO,Missouri,sale_scheduled,Sale Scheduled,5,,
MO,Missouri,sale_completed,Sale Completed,30,,
MO,Missouri,post_sale_redemption,Post-Sale Redemption,0,,
MS,Mississippi,pre_fc,Pre-Foreclosure,90,,
MS,Mississippi,first_legal_filed,First Legal Filed (NOD/Complaint),15,,
MS,Mississippi,mediation,Mediation,0,,
MS,Mississippi,order_of_reference,Order of Reference (Judicial Only),0,,
MS,Mississippi,judgement,Judgment (Judicial Only),0,,
MS,Mississippi,pre_sale_redemption,Pre-Sale Redemption,0,,
MS,Mississippi,sale_scheduled,Sale Scheduled,5,,
MS,Mississippi,sale_completed,Sale Completed,30,,
MS,Mississippi,post_sale_redemption,Post-Sale Redemption,0,,
MT,Montana,pre_fc,Pre-Foreclosure,90,,
MT,Montana,first_legal_filed,First Legal Filed (NOD/Complaint),15,,
MT,Montana,mediation,Mediation,0,,
MT,Montana,order_of_reference,Order of Reference (Judicial Only),0,,
MT,Montana,judgement,Judgment (Judicial Only),0,,
MT,Montana,pre_sale_redemption,Pre-Sale Redemption,0,,
MT,Montana,sale_scheduled,Sale Scheduled,5,,
MT,Montana,sale_completed,Sale Completed,120,,
MT,Montana,post_sale_redemption,Post-Sale Redemption,0,,
NC,North Carolina,pre_fc,Pre-Foreclosure,90,,
NC,North Carolina,first_legal_filed,First Legal Filed (NOD/Complaint),45,,
NC,North Carolina,mediation,Mediation,0,,
NC,North Carolina,order_of_reference,Order of Reference (Judicial Only),0,,
NC,North Carolina,judgement,Judgment (Judicial Only),0,,
NC,North Carolina,pre_sale_redemption,Pre-Sale Redemption,0,,
NC,North Carolina,sale_scheduled,Sale Scheduled,15,,
NC,North Carolina,sale_completed,Sale Completed,30,,
NC,North Carolina,post_sale_redemption,Post-Sale Redemption,10,,
ND,North Dakota,pre_fc,Pre-Foreclosure,90,,
ND,North Dakota,first_legal_filed,First Legal Filed (NOD/Complaint),65,,
ND,North Dakota,mediation,Mediation,0,,
ND,North Dakota,order_of_reference,Order of Reference (Judicial Only),0,,
ND,North Dakota,judgement,Judgment (Judicial Only),57,,
ND,North Dakota,pre_sale_redemption,Pre-Sale Redemption,0,,
ND,North Dakota,sale_scheduled,Sale Scheduled,10,,
ND,North Dakota,sale_completed,Sale Completed,45,,
ND,North Dakota,post_sale_redemption,Post-Sale Redemption,0,,
NE,Nebraska,pre_fc,Pre-Foreclosure,90,,
NE,Nebraska,first_legal_filed,First Legal Filed (NOD/Complaint),75,,
NE,Nebraska,mediation,Mediation,0,,
NE,Nebraska,order_of_reference,Order of Reference (Judicial Only),0,,
NE,Nebraska,judgement,Judgment (Judicial Only),52,,
NE,Nebraska,pre_sale_redemption,Pre-Sale Redemption,20,,
NE,Nebraska,sale_scheduled,Sale Scheduled,5,,
NE,Nebraska,sale_completed,Sale Completed,35,,
NE,Nebraska,post_sale_redemption,Post-Sale Redemption,0,,
NH,New Hampshire,pre_fc,Pre-Foreclosure,90,,
NH,New Hampshire,first_legal_filed,First Legal Filed (NOD/Complaint),15,,
NH,New Hampshire,mediation,Mediation,0,,
NH,New Hampshire,order_of_reference,Order of Reference (Judicial Only),0,,
NH,New Hampshire,judgement,Judgment (Judicial Only),0,,
NH,New Hampshire,pre_sale_redemption,Pre-Sale Redemption,0,,
NH,New Hampshire,sale_scheduled,Sale Scheduled,5,,
NH,New Hampshire,sale_completed,Sale Completed,30,,
NH,New Hampshire,post_sale_redemption,Post-Sale Redemption,0,,
NJ,New Jersey,pre_fc,Pre-Foreclosure,90,,
NJ,New Jersey,first_legal_filed,First Legal Filed (NOD/Complaint),95,,
NJ,New Jersey,mediation,Mediation,95,,
NJ,New Jersey,order_of_reference,Order of Reference (Judicial Only),0,,
NJ,New Jersey,judgement,Judgment (Judicial Only),82,,
NJ,New Jersey,pre_sale_redemption,Pre-Sale Redemption,0,,
NJ,New Jersey,sale_scheduled,Sale Scheduled,14,,
NJ,New Jersey,sale_completed,Sale Completed,45,,
NJ,New Jersey,post_sale_redemption,Post-Sale Redemption,0,,
NM,New Mexico,pre_fc,Pre-Foreclosure,90,,
NM,New Mexico,first_legal_filed,First Legal Filed (NOD/Complaint),75,,
NM,New Mexico,mediation,Mediation,0,,
NM,New Mexico,order_of_reference,Order of Reference (Judicial Only),0,,
NM,New Mexico,judgement,Judgment (Judicial Only),52,,
NM,New Mexico,pre_sale_redemption,Pre-Sale Redemption,0,,
NM,New Mexico,sale_scheduled,Sale Scheduled,5,,
NM,New Mexico,sale_completed,Sale Completed,45,,
NM,New Mexico,post_sale_redemption,Post-Sale Redemption,30,,
NV,Nevada,pre_fc,Pre-Foreclosure,90,,
NV,Nevada,first_legal_filed,First Legal Filed (NOD/Complaint),15,,
NV,Nevada,mediation,Mediation,50,,
NV,Nevada,order_of_reference,Order of Reference (Judicial Only),0,,
NV,Nevada,judgement,Judgment (Judicial Only),0,,
NV,Nevada,pre_sale_redemption,Pre-Sale Redemption,90,,
NV,Nevada,sale_scheduled,Sale Scheduled,5,,
NV,Nevada,sale_completed,Sale Completed,30,,
NV,Nevada,post_sale_redemption,Post-Sale Redemption,0,,
NY,New York,pre_fc,Pre-Foreclosure,90,,
NY,New York,first_legal_filed,First Legal Filed (NOD/Complaint),80,,
NY,New York,mediation,Mediation,0,,
NY,New York,order_of_reference,Order of Reference (Judicial Only),147,,
NY,New York,judgement,Judgment (Judicial Only),195.75,,
NY,New York,pre_sale_redemption,Pre-Sale Redemption,0,,
NY,New York,sale_scheduled,Sale Scheduled,10,,
NY,New York,sale_completed,Sale Completed,40,,
NY,New York,post_sale_redemption,Post-Sale Redemption,0,,
OH,Ohio,pre_fc,Pre-Foreclosure,90,,
OH,Ohio,first_legal_filed,First Legal Filed (NOD/Complaint),65,,
OH,Ohio,mediation,Mediation,95,,
OH,Ohio,order_of_reference,Order of Reference (Judicial Only),0,,
OH,Ohio,judgement,Judgment (Judicial Only),112,,
OH,Ohio,pre_sale_redemption,Pre-Sale Redemption,0,,
OH,Ohio,sale_scheduled,Sale Scheduled,20,,
OH,Ohio,sale_completed,Sale Completed,30,,
OH,Ohio,post_sale_redemption,Post-Sale Redemption,10,,
OK,Oklahoma,pre_fc,Pre-Foreclosure,90,,
OK,Oklahoma,first_legal_filed,First Legal Filed (NOD/Complaint),75,,
OK,Oklahoma,mediation,Mediation,0,,
OK,Oklahoma,order_of_reference,Order of Reference (Judicial Only),0,,
OK,Oklahoma,judgement,Judgment (Judicial Only),72,,
OK,Oklahoma,pre_sale_redemption,Pre-Sale Redemption,0,,
OK,Oklahoma,sale_scheduled,Sale Scheduled,20,,
OK,Oklahoma,sale_completed,Sale Completed,30,,
OK,Oklahoma,post_sale_redemption,Post-Sale Redemption,15,,
OR,Oregon,pre_fc,Pre-Foreclosure,90,,
OR,Oregon,first_legal_filed,First Legal Filed (NOD/Complaint),15,,
OR,Oregon,mediation,Mediation,50,,
OR,Oregon,order_of_reference,Order of Reference (Judicial Only),0,,
OR,Oregon,judgement,Judgment (Judicial Only),0,,
OR,Oregon,pre_sale_redemption,Pre-Sale Redemption,0,,
OR,Oregon,sale_scheduled,Sale Scheduled,5,,
OR,Oregon,sale_completed,Sale Completed,120,,
OR,Oregon,post_sale_redemption,Post-Sale Redemption,0,,
PA,Pennsylvania,pre_fc,Pre-Foreclosure,90,,
PA,Pennsylvania,first_legal_filed,First Legal Filed (NOD/Complaint),65,,
PA,Pennsylvania,mediation,Mediation,95,,
PA,Pennsylvania,order_of_reference,Order of Reference (Judicial Only),0,,
PA,Pennsylvania,judgement,Judgment (Judicial Only),72,,
PA,Pennsylvania,pre_sale_redemption,Pre-Sale Redemption,0,,
PA,Pennsylvania,sale_scheduled,Sale Scheduled,10,,
PA,Pennsylvania,sale_completed,Sale Completed,30,,
PA,Pennsylvania,post_sale_redemption,Post-Sale Redemption,0,,
PR,Puerto Rico,pre_fc,Pre-Foreclosure,90,,
PR,Puerto Rico,first_legal_filed,First Legal Filed (NOD/Complaint),65,,
PR,Puerto Rico,mediation,Mediation,95,,
PR,Puerto Rico,order_of_reference,Order of Reference (Judicial Only),0,,
PR,Puerto Rico,judgement,Judgment (Judicial Only),67,,
PR,Puerto Rico,pre_sale_redemption,Pre-Sale Redemption,0,,
PR,Puerto Rico,sale_scheduled,Sale Scheduled,10,,
PR,Puerto Rico,sale_completed,Sale Completed,30,,
PR,Puerto Rico,post_sale_redemption,Post-Sale Redemption,0,,
RI,Rhode Island,pre_fc,Pre-Foreclosure,90,,
RI,Rhode Island,first_legal_filed,First Legal Filed (NOD/Complaint),15,,
RI,Rhode Island,mediation,Mediation,0,,
RI,Rhode Island,order_of_reference,Order of Reference (Judicial Only),0,,
RI,Rhode Island,judgement,Judgment (Judicial Only),0,,
RI,Rhode Island,pre_sale_redemption,Pre-Sale Redemption,0,,
RI,Rhode Island,sale_scheduled,Sale Scheduled,30,,
RI,Rhode Island,sale_completed,Sale Completed,21,,
RI,Rhode Island,post_sale_redemption,Post-Sale Redemption,0,,
SC,South Carolina,pre_fc,Pre-Foreclosure,90,,
SC,South Carolina,first_legal_filed,First Legal Filed (NOD/Complaint),75,,
SC,South Carolina,mediation,Mediation,95,,
SC,South Carolina,order_of_reference,Order of Reference (Judicial Only),0,,
SC,South Carolina,judgement,Judgment (Judicial Only),67,,
SC,South Carolina,pre_sale_redemption,Pre-Sale Redemption,0,,
SC,South Carolina,sale_scheduled,Sale Scheduled,10,,
SC,South Carolina,sale_completed,Sale Completed,30,,
SC,South Carolina,post_sale_redemption,Post-Sale Redemption,30,,
SD,South Dakota,pre_fc,Pre-Foreclosure,90,,
SD,South Dakota,first_legal_filed,First Legal Filed (NOD/Complaint),90,,
SD,South Dakota,mediation,Mediation,0,,
SD,South Dakota,order_of_reference,Order of Reference (Judicial Only),0,,
SD,South Dakota,judgement,Judgment (Judicial Only),72,,
SD,South Dakota,pre_sale_redemption,Pre-Sale Redemption,0,,
SD,South Dakota,sale_scheduled,Sale Scheduled,10,,
SD,South Dakota,sale_completed,Sale Completed,30,,
SD,South Dakota,post_sale_redemption,Post-Sale Redemption,180,,
TN,Tennessee,pre_fc,Pre-Foreclosure,90,,
TN,Tennessee,first_legal_filed,First Legal Filed (NOD/Complaint),15,,
TN,Tennessee,mediation,Mediation,0,,
TN,Tennessee,order_of_reference,Order of Reference (Judicial Only),0,,
TN,Tennessee,judgement,Judgment (Judicial Only),0,,
TN,Tennessee,pre_sale_redemption,Pre-Sale Redemption,0,,
TN,Tennessee,sale_scheduled,Sale Scheduled,0,,
TN,Tennessee,sale_completed,Sale Completed,30,,
TN,Tennessee,post_sale_redemption,Post-Sale Redemption,0,,
TX,Texas,pre_fc,Pre-Foreclosure,90,,
TX,Texas,first_legal_filed,First Legal Filed (NOD/Complaint),26,,
TX,Texas,mediation,Mediation,0,,
TX,Texas,order_of_reference,Order of Reference (Judicial Only),0,,
TX,Texas,judgement,Judgment (Judicial Only),0,,
TX,Texas,pre_sale_redemption,Pre-Sale Redemption,0,,
TX,Texas,sale_scheduled,Sale Scheduled,5,,
TX,Texas,sale_completed,Sale Completed,45,,
TX,Texas,post_sale_redemption,Post-Sale Redemption,0,,
UT,Utah,pre_fc,Pre-Foreclosure,90,,
UT,Utah,first_legal_filed,First Legal Filed (NOD/Complaint),15,,
UT,Utah,mediation,Mediation,50,,
UT,Utah,order_of_reference,Order of Reference (Judicial Only),0,,
UT,Utah,judgement,Judgment (Judicial Only),0,,
UT,Utah,pre_sale_redemption,Pre-Sale Redemption,90,,
UT,Utah,sale_scheduled,Sale Scheduled,5,,
UT,Utah,sale_completed,Sale Completed,30,,
UT,Utah,post_sale_redemption,Post-Sale Redemption,0,,
VA,Virginia,pre_fc,Pre-Foreclosure,90,,
VA,Virginia,first_legal_filed,First Legal Filed (NOD/Complaint),15,,
VA,Virginia,mediation,Mediation,0,,
VA,Virginia,order_of_reference,Order of Reference (Judicial Only),0,,
VA,Virginia,judgement,Judgment (Judicial Only),0,,
VA,Virginia,pre_sale_redemption,Pre-Sale Redemption,0,,
VA,Virginia,sale_scheduled,Sale Scheduled,5,,
VA,Virginia,sale_completed,Sale Completed,30,,
VA,Virginia,post_sale_redemption,Post-Sale Redemption,0,,
VT,Vermont,pre_fc,Pre-Foreclosure,90,,
VT,Vermont,first_legal_filed,First Legal Filed (NOD/Complaint),65,,
VT,Vermont,mediation,Mediation,0,,
VT,Vermont,order_of_reference,Order of Reference (Judicial Only),0,,
VT,Vermont,judgement,Judgment (Judicial Only),62,,
VT,Vermont,pre_sale_redemption,Pre-Sale Redemption,180,,
VT,Vermont,sale_scheduled,Sale Scheduled,0,,
VT,Vermont,sale_completed,Sale Completed,60,,
VT,Vermont,post_sale_redemption,Post-Sale Redemption,10,,
WA,Washington,pre_fc,Pre-Foreclosure,90,,
WA,Washington,first_legal_filed,First Legal Filed (NOD/Complaint),10,,
WA,Washington,mediation,Mediation,50,,
WA,Washington,order_of_reference,Order of Reference (Judicial Only),0,,
WA,Washington,judgement,Judgment (Judicial Only),0,,
WA,Washington,pre_sale_redemption,Pre-Sale Redemption,0,,
WA,Washington,sale_scheduled,Sale Scheduled,5,,
WA,Washington,sale_completed,Sale Completed,120,,
WA,Washington,post_sale_redemption,Post-Sale Redemption,0,,
WI,Wisconsin,pre_fc,Pre-Foreclosure,90,,
WI,Wisconsin,first_legal_filed,First Legal Filed (NOD/Complaint),65,,
WI,Wisconsin,mediation,Mediation,95,,
WI,Wisconsin,order_of_reference,Order of Reference (Judicial Only),0,,
WI,Wisconsin,judgement,Judgment (Judicial Only),62,,
WI,Wisconsin,pre_sale_redemption,Pre-Sale Redemption,180,,
WI,Wisconsin,sale_scheduled,Sale Scheduled,0,,
WI,Wisconsin,sale_completed,Sale Completed,10,,
WI,Wisconsin,post_sale_redemption,Post-Sale Redemption,10,,
WV,West Virginia,pre_fc,Pre-Foreclosure,90,,
WV,West Virginia,first_legal_filed,First Legal Filed (NOD/Complaint),15,,
WV,West Virginia,mediation,Mediation,0,,
WV,West Virginia,order_of_reference,Order of Reference (Judicial Only),0,,
WV,West Virginia,judgement,Judgment (Judicial Only),0,,
WV,West Virginia,pre_sale_redemption,Pre-Sale Redemption,0,,
WV,West Virginia,sale_scheduled,Sale Scheduled,10,,
WV,West Virginia,sale_completed,Sale Completed,30,,
WV,West Virginia,post_sale_redemption,Post-Sale Redemption,0,,
WY,Wyoming,pre_fc,Pre-Foreclosure,90,,
WY,Wyoming,first_legal_filed,First Legal Filed (NOD/Complaint),15,,
WY,Wyoming,mediation,Mediation,0,,
WY,Wyoming,order_of_reference,Order of Reference (Judicial Only),0,,
WY,Wyoming,judgement,Judgment (Judicial Only),0,,
WY,Wyoming,pre_sale_redemption,Pre-Sale Redemption,0,,
WY,Wyoming,sale_scheduled,Sale Scheduled,10,,
WY,Wyoming,sale_completed,Sale Completed,30,,
WY,Wyoming,post_sale_redemption,Post-Sale Redemption,90,,
